station_id,station_name,element_id,element_type,landuse_class,name,latitude,longitude,distance_to_station_m,data_type
11613,"Revenue Colony-Shivajinagar, Pune - IITM",121897350,way,garden,,18.5204869,73.8553445,1228.6,STATIC_LAND_USE
11613,"Revenue Colony-Shivajinagar, Pune - IITM",149110265,way,park,Chittranjan Vatika,18.5323825,73.8386358,1183.5,STATIC_LAND_USE
11613,"Revenue Colony-Shivajinagar, Pune - IITM",149110279,way,park,Symbi Hill,18.5236923,73.8337877,1813.0,STATIC_LAND_USE
11613,"Revenue Colony-Shivajinagar, Pune - IITM",172252347,way,residential,Patil Estate,18.5329115,73.8539668,556.5,STATIC_LAND_USE
11613,"Revenue Colony-Shivajinagar, Pune - IITM",199261924,way,park,Sambhaji Udyan,18.5205613,73.8471253,1092.3,STATIC_LAND_USE
11613,"Revenue Colony-Shivajinagar, Pune - IITM",207872438,way,retail,,18.5376879,73.8359712,1666.3,STATIC_LAND_USE
11613,"Revenue Colony-Shivajinagar, Pune - IITM",208180364,way,garden,Fergusson College Botanical Garden,18.5236663,73.840739,1176.7,STATIC_LAND_USE
11613,"Revenue Colony-Shivajinagar, Pune - IITM",215535662,way,park,V. D. Vartak Udyan,18.5186426,73.8478053,1288.0,STATIC_LAND_USE
11613,"Revenue Colony-Shivajinagar, Pune - IITM",215732323,way,park,Yashwant Nagar Society,18.539893,73.8347264,1909.1,STATIC_LAND_USE
11613,"Revenue Colony-Shivajinagar, Pune - IITM",215732327,way,park,,18.5402715,73.8368342,1758.0,STATIC_LAND_USE
11613,"Revenue Colony-Shivajinagar, Pune - IITM",215804388,way,park,Kamalnayan Bajaj Udyan,18.5456506,73.8522117,1750.9,STATIC_LAND_USE
11613,"Revenue Colony-Shivajinagar, Pune - IITM",217271099,way,park,Jijamata Udyan,18.5187255,73.8568786,1479.4,STATIC_LAND_USE
11613,"Revenue Colony-Shivajinagar, Pune - IITM",217278888,way,park,Shri Samarth Ramdas Udyan,18.5270984,73.8323727,1846.7,STATIC_LAND_USE
11613,"Revenue Colony-Shivajinagar, Pune - IITM",218059629,way,commercial,,18.5141359,73.8567528,1928.7,STATIC_LAND_USE
11613,"Revenue Colony-Shivajinagar, Pune - IITM",218059630,way,retail,,18.512664,73.8563683,2066.0,STATIC_LAND_USE
11613,"Revenue Colony-Shivajinagar, Pune - IITM",218078581,way,commercial,,18.521884,73.8499663,914.4,STATIC_LAND_USE
11613,"Revenue Colony-Shivajinagar, Pune - IITM",218078582,way,garden,,18.5225503,73.8482073,852.2,STATIC_LAND_USE
11613,"Revenue Colony-Shivajinagar, Pune - IITM",218110078,way,grass,,18.5297523,73.8493577,46.3,STATIC_LAND_USE
11613,"Revenue Colony-Shivajinagar, Pune - IITM",218110079,way,garden,,18.5170936,73.8432373,1594.3,STATIC_LAND_USE
11613,"Revenue Colony-Shivajinagar, Pune - IITM",218405558,way,grass,,18.5446378,73.8519754,1635.8,STATIC_LAND_USE
11613,"Revenue Colony-Shivajinagar, Pune - IITM",218405559,way,garden,,18.5299257,73.8374222,1284.1,STATIC_LAND_USE
11613,"Revenue Colony-Shivajinagar, Pune - IITM",218405561,way,garden,,18.5285211,73.8485857,205.6,STATIC_LAND_USE
11613,"Revenue Colony-Shivajinagar, Pune - IITM",218405563,way,park,,18.5406294,73.8499876,1171.5,STATIC_LAND_USE
11613,"Revenue Colony-Shivajinagar, Pune - IITM",218405571,way,garden,,18.5286997,73.8493923,157.2,STATIC_LAND_USE
11613,"Revenue Colony-Shivajinagar, Pune - IITM",218422393,way,commercial,,18.5166578,73.8424049,1676.2,STATIC_LAND_USE
11613,"Revenue Colony-Shivajinagar, Pune - IITM",218422394,way,commercial,,18.5185598,73.8427856,1470.7,STATIC_LAND_USE
11613,"Revenue Colony-Shivajinagar, Pune - IITM",218422395,way,grass,,18.5360129,73.8441426,873.7,STATIC_LAND_USE
11613,"Revenue Colony-Shivajinagar, Pune - IITM",218422401,way,grass,,18.5130705,73.8442788,1975.0,STATIC_LAND_USE
11613,"Revenue Colony-Shivajinagar, Pune - IITM",218422402,way,commercial,,18.5131539,73.844887,1948.7,STATIC_LAND_USE
11613,"Revenue Colony-Shivajinagar, Pune - IITM",218422403,way,commercial,,18.516885,73.8435708,1601.0,STATIC_LAND_USE
11613,"Revenue Colony-Shivajinagar, Pune - IITM",218422405,way,garden,,18.5197353,73.8496564,1152.5,STATIC_LAND_USE
11613,"Revenue Colony-Shivajinagar, Pune - IITM",218422407,way,garden,,18.5194964,73.8494161,1179.2,STATIC_LAND_USE
11613,"Revenue Colony-Shivajinagar, Pune - IITM",218834879,way,industrial,Sudarshan Chemicals,18.5317474,73.8632565,1451.4,STATIC_LAND_USE
11613,"Revenue Colony-Shivajinagar, Pune - IITM",219798481,way,commercial,Dr. Babasaheb Ambedkar Sanskrutik Bhavan,18.52507,73.8677991,1998.6,STATIC_LAND_USE
11613,"Revenue Colony-Shivajinagar, Pune - IITM",227926125,way,park,Parimal Udyan,18.5304269,73.8312801,1931.8,STATIC_LAND_USE
11613,"Revenue Colony-Shivajinagar, Pune - IITM",238842701,way,commercial,,18.5316293,73.8473126,295.1,STATIC_LAND_USE
11613,"Revenue Colony-Shivajinagar, Pune - IITM",238842702,way,commercial,,18.5305296,73.8516566,222.0,STATIC_LAND_USE
11613,"Revenue Colony-Shivajinagar, Pune - IITM",247009988,way,park,Pankunwar Firodiya Udyan,18.5360903,73.833135,1859.3,STATIC_LAND_USE
11613,"Revenue Colony-Shivajinagar, Pune - IITM",251878752,way,industrial,Ayurveda Rasashala,18.5108594,73.8373457,2499.3,STATIC_LAND_USE
11613,"Revenue Colony-Shivajinagar, Pune - IITM",257203329,way,park,,18.5192772,73.8355284,1910.3,STATIC_LAND_USE
11613,"Revenue Colony-Shivajinagar, Pune - IITM",264444878,way,commercial,Chitrashala,18.5133978,73.8463646,1888.3,STATIC_LAND_USE
11613,"Revenue Colony-Shivajinagar, Pune - IITM",264444879,way,commercial,Chitrashala,18.5127359,73.846746,1954.1,STATIC_LAND_USE
11613,"Revenue Colony-Shivajinagar, Pune - IITM",280784425,way,commercial,,18.527483,73.8518725,376.9,STATIC_LAND_USE
11613,"Revenue Colony-Shivajinagar, Pune - IITM",280784426,way,commercial,,18.5288963,73.8530516,387.7,STATIC_LAND_USE
11613,"Revenue Colony-Shivajinagar, Pune - IITM",281308041,way,commercial,,18.5223017,73.8414344,1221.9,STATIC_LAND_USE
11613,"Revenue Colony-Shivajinagar, Pune - IITM",281883273,way,residential,,18.5380812,73.8335523,1910.5,STATIC_LAND_USE
11613,"Revenue Colony-Shivajinagar, Pune - IITM",282003252,way,garden,,18.5232455,73.839005,1352.3,STATIC_LAND_USE
11613,"Revenue Colony-Shivajinagar, Pune - IITM",331478714,way,industrial,Aryabhooshan Chhapkhana,18.5186742,73.8408211,1571.9,STATIC_LAND_USE
11613,"Revenue Colony-Shivajinagar, Pune - IITM",331500156,way,industrial,Raja Bahadur International Limited,18.532571,73.8709322,2265.8,STATIC_LAND_USE
11613,"Revenue Colony-Shivajinagar, Pune - IITM",342557182,way,residential,,18.5413688,73.8525265,1290.5,STATIC_LAND_USE
11613,"Revenue Colony-Shivajinagar, Pune - IITM",342557183,way,residential,,18.5402113,73.8524927,1165.0,STATIC_LAND_USE
11613,"Revenue Colony-Shivajinagar, Pune - IITM",342557184,way,commercial,,18.5341405,73.8526391,551.8,STATIC_LAND_USE
11613,"Revenue Colony-Shivajinagar, Pune - IITM",342557185,way,commercial,,18.5391397,73.8501385,1006.8,STATIC_LAND_USE
11613,"Revenue Colony-Shivajinagar, Pune - IITM",342557186,way,residential,,18.5361582,73.8524523,737.7,STATIC_LAND_USE
11613,"Revenue Colony-Shivajinagar, Pune - IITM",342557187,way,commercial,,18.5307743,73.8543934,510.9,STATIC_LAND_USE
11613,"Revenue Colony-Shivajinagar, Pune - IITM",359814369,way,park,janvi parking lot,18.540233,73.8632112,1824.5,STATIC_LAND_USE
11613,"Revenue Colony-Shivajinagar, Pune - IITM",359814491,way,park,mayuri miss ki parking,18.5378157,73.8632344,1674.0,STATIC_LAND_USE
11613,"Revenue Colony-Shivajinagar, Pune - IITM",488357561,way,park,Thube Park,18.5301686,73.8518394,236.2,STATIC_LAND_USE
11613,"Revenue Colony-Shivajinagar, Pune - IITM",631742591,way,park,Madhavrao Scindia Garden,18.5410047,73.8533028,1273.8,STATIC_LAND_USE
11613,"Revenue Colony-Shivajinagar, Pune - IITM",669739311,way,grass,,18.5328593,73.8343115,1640.8,STATIC_LAND_USE
11613,"Revenue Colony-Shivajinagar, Pune - IITM",669739313,way,grass,,18.5326484,73.8343565,1631.9,STATIC_LAND_USE
11613,"Revenue Colony-Shivajinagar, Pune - IITM",784243514,way,commercial,,18.5274145,73.8505402,314.6,STATIC_LAND_USE
11613,"Revenue Colony-Shivajinagar, Pune - IITM",784243515,way,residential,COEP Hostel,18.5287655,73.8512128,225.7,STATIC_LAND_USE
11613,"Revenue Colony-Shivajinagar, Pune - IITM",817845822,way,industrial,Pune Station PMPML Depot,18.5272791,73.8770368,2909.6,STATIC_LAND_USE
11613,"Revenue Colony-Shivajinagar, Pune - IITM",940925672,way,park,Vijaya Kailas Tikone Udyan,18.5227813,73.8570969,1134.5,STATIC_LAND_USE
11613,"Revenue Colony-Shivajinagar, Pune - IITM",994861901,way,residential,,18.5256173,73.8348262,1635.4,STATIC_LAND_USE
11613,"Revenue Colony-Shivajinagar, Pune - IITM",1080875014,way,residential,Yaswant Apartment,18.5399833,73.8338962,1987.2,STATIC_LAND_USE
11613,"Revenue Colony-Shivajinagar, Pune - IITM",1080917282,way,commercial,Ashok Sankul,18.5427476,73.8385744,1824.5,STATIC_LAND_USE
11613,"Revenue Colony-Shivajinagar, Pune - IITM",1116953215,way,construction,Metro Construction,18.5364078,73.8368536,1515.9,STATIC_LAND_USE
11613,"Revenue Colony-Shivajinagar, Pune - IITM",1126614518,way,industrial,PMPML Bus Depot,18.5342885,73.8481978,488.6,STATIC_LAND_USE
11613,"Revenue Colony-Shivajinagar, Pune - IITM",1145090768,way,grass,,18.5188771,73.8553464,1387.2,STATIC_LAND_USE
11613,"Revenue Colony-Shivajinagar, Pune - IITM",1145105970,way,grass,,18.519359,73.8550766,1326.6,STATIC_LAND_USE
11613,"Revenue Colony-Shivajinagar, Pune - IITM",1148409037,way,grass,,18.5199171,73.8557134,1302.9,STATIC_LAND_USE
11613,"Revenue Colony-Shivajinagar, Pune - IITM",1148409039,way,grass,,18.5193612,73.8553483,1339.1,STATIC_LAND_USE
11613,"Revenue Colony-Shivajinagar, Pune - IITM",1228898172,way,residential,,18.5263292,73.8646044,1636.6,STATIC_LAND_USE
11613,"Revenue Colony-Shivajinagar, Pune - IITM",1228898178,way,residential,,18.524732,73.8641356,1644.7,STATIC_LAND_USE
11613,"Revenue Colony-Shivajinagar, Pune - IITM",1228898235,way,residential,,18.5265847,73.8626745,1432.8,STATIC_LAND_USE
11613,"Revenue Colony-Shivajinagar, Pune - IITM",1228898310,way,residential,,18.5249997,73.8620047,1425.5,STATIC_LAND_USE
11613,"Revenue Colony-Shivajinagar, Pune - IITM",1229602062,way,residential,Sadanand Nagar,18.5229066,73.8650805,1817.6,STATIC_LAND_USE
11613,"Revenue Colony-Shivajinagar, Pune - IITM",1229602082,way,commercial,Ladkat Petrol Pump,18.5226116,73.8666436,1980.5,STATIC_LAND_USE
11613,"Revenue Colony-Shivajinagar, Pune - IITM",1303561844,way,commercial,Bholaikhana Pune Station,18.5241448,73.8687254,2122.4,STATIC_LAND_USE
11613,"Revenue Colony-Shivajinagar, Pune - IITM",1304320750,way,commercial,RBM Road,18.5344348,73.8684297,2042.9,STATIC_LAND_USE
11613,"Revenue Colony-Shivajinagar, Pune - IITM",1338764023,way,industrial,SPPU Test Center,18.5498993,73.8307178,2968.1,STATIC_LAND_USE
11613,"Revenue Colony-Shivajinagar, Pune - IITM",1412670027,way,residential,,18.5241134,73.8496489,665.7,STATIC_LAND_USE
11613,"Revenue Colony-Shivajinagar, Pune - IITM",1446378599,way,park,,18.527172,73.8575601,900.2,STATIC_LAND_USE
11613,"Revenue Colony-Shivajinagar, Pune - IITM",1459188502,way,park,yuvi parking,18.5388129,73.8634897,1755.8,STATIC_LAND_USE
11613,"Revenue Colony-Shivajinagar, Pune - IITM",1482921565,way,residential,,18.5364048,73.8384531,1368.4,STATIC_LAND_USE
11613,"Revenue Colony-Shivajinagar, Pune - IITM",1482932328,way,grass,,18.5277108,73.8643341,1576.0,STATIC_LAND_USE
11613,"Revenue Colony-Shivajinagar, Pune - IITM",1483377887,way,grass,,18.5264983,73.8530319,539.7,STATIC_LAND_USE
11613,"Revenue Colony-Shivajinagar, Pune - IITM",1483377888,way,grass,,18.5264464,73.8535294,580.2,STATIC_LAND_USE
11613,"Revenue Colony-Shivajinagar, Pune - IITM",1483377893,way,grass,,18.5262579,73.8531181,565.8,STATIC_LAND_USE
11613,"Revenue Colony-Shivajinagar, Pune - IITM",1483377894,way,grass,,18.5262233,73.8533441,584.5,STATIC_LAND_USE
11613,"Revenue Colony-Shivajinagar, Pune - IITM",1483377895,way,grass,,18.5262288,73.8532197,575.3,STATIC_LAND_USE
11613,"Revenue Colony-Shivajinagar, Pune - IITM",1485919418,way,residential,Kamla nehru hosptital,18.5229409,73.8621247,1541.9,STATIC_LAND_USE
11613,"Revenue Colony-Shivajinagar, Pune - IITM",1488580796,way,industrial,Pune Metro Purple Line Depot Range Hills,18.5400938,73.8487473,1114.9,STATIC_LAND_USE
11613,"Revenue Colony-Shivajinagar, Pune - IITM",1488610918,way,industrial,,18.5384768,73.8489018,934.4,STATIC_LAND_USE
11613,"Revenue Colony-Shivajinagar, Pune - IITM",1488610947,way,grass,,18.5377601,73.8491621,853.0,STATIC_LAND_USE
11613,"Revenue Colony-Shivajinagar, Pune - IITM",1522065342,way,construction,,18.5318032,73.8550589,605.9,STATIC_LAND_USE
11613,"Revenue Colony-Shivajinagar, Pune - IITM",1531434086,way,commercial,Mahanagarpalika Bhavan,18.5238754,73.8534419,802.0,STATIC_LAND_USE
11609,"Mhada Colony, Pune - IITM",107670065,way,residential,Neco Gardens,18.5626965,73.9135137,1883.8,STATIC_LAND_USE
11609,"Mhada Colony, Pune - IITM",107670309,way,commercial,Gigaspace IT Park,18.5629875,73.9197226,1395.2,STATIC_LAND_USE
11609,"Mhada Colony, Pune - IITM",107671210,way,residential,,18.5685172,73.9158693,1343.0,STATIC_LAND_USE
11609,"Mhada Colony, Pune - IITM",142235004,way,residential,Eden Garden Society,18.560536,73.9148235,1939.9,STATIC_LAND_USE
11609,"Mhada Colony, Pune - IITM",152330033,way,residential,Konark Campus Housing Society,18.5711814,73.9091802,1962.5,STATIC_LAND_USE
11609,"Mhada Colony, Pune - IITM",152330077,way,residential,Lunkad Queens Land,18.5689434,73.9103855,1880.0,STATIC_LAND_USE
11609,"Mhada Colony, Pune - IITM",152331477,way,park,Joggers Park,18.5663939,73.9162371,1414.0,STATIC_LAND_USE
11609,"Mhada Colony, Pune - IITM",152333025,way,park,Udaan Biodiversity Park,18.5653857,73.9102813,2021.9,STATIC_LAND_USE
11609,"Mhada Colony, Pune - IITM",158889476,way,retail,Inorbit Mall,18.5604457,73.9206662,1580.6,STATIC_LAND_USE
11609,"Mhada Colony, Pune - IITM",208058066,way,retail,,18.5619733,73.9167705,1682.4,STATIC_LAND_USE
11609,"Mhada Colony, Pune - IITM",218691424,way,industrial,CTR,18.5623096,73.9204462,1413.4,STATIC_LAND_USE
11609,"Mhada Colony, Pune - IITM",218691425,way,commercial,Panchshil Business Park,18.5643315,73.9160496,1561.1,STATIC_LAND_USE
11609,"Mhada Colony, Pune - IITM",294839139,way,park,,18.5622116,73.9354073,1448.8,STATIC_LAND_USE
11609,"Mhada Colony, Pune - IITM",375382143,way,residential,Rohan Mithila,18.5723472,73.9090249,1969.8,STATIC_LAND_USE
11609,"Mhada Colony, Pune - IITM",494577377,way,park,PMC Garden,18.5584717,73.9206932,1776.3,STATIC_LAND_USE
11609,"Mhada Colony, Pune - IITM",551014625,way,grass,,18.5816698,73.9150382,1646.3,STATIC_LAND_USE
11609,"Mhada Colony, Pune - IITM",551014626,way,grass,,18.5813313,73.920443,1201.4,STATIC_LAND_USE
11609,"Mhada Colony, Pune - IITM",551014627,way,grass,,18.5810884,73.9244671,961.8,STATIC_LAND_USE
11609,"Mhada Colony, Pune - IITM",551014629,way,grass,,18.5782558,73.9255849,625.5,STATIC_LAND_USE
11609,"Mhada Colony, Pune - IITM",551014630,way,grass,,18.5801925,73.9210782,1061.5,STATIC_LAND_USE
11609,"Mhada Colony, Pune - IITM",551014631,way,grass,,18.5791112,73.9224392,877.1,STATIC_LAND_USE
11609,"Mhada Colony, Pune - IITM",551014632,way,grass,,18.5776366,73.9241969,634.1,STATIC_LAND_USE
11609,"Mhada Colony, Pune - IITM",551014633,way,grass,,18.5767608,73.9250691,501.8,STATIC_LAND_USE
11609,"Mhada Colony, Pune - IITM",551014634,way,grass,,18.5797997,73.9157484,1469.2,STATIC_LAND_USE
11609,"Mhada Colony, Pune - IITM",551014635,way,grass,,18.5837927,73.9140399,1874.4,STATIC_LAND_USE
11609,"Mhada Colony, Pune - IITM",551014636,way,grass,,18.5830961,73.9252129,1152.8,STATIC_LAND_USE
11609,"Mhada Colony, Pune - IITM",552180017,way,park,PMC Garden,18.5584846,73.9207134,1774.1,STATIC_LAND_USE
11609,"Mhada Colony, Pune - IITM",910115693,way,industrial,,18.564562,73.9373472,1383.6,STATIC_LAND_USE
11609,"Mhada Colony, Pune - IITM",1137975324,way,residential,Shubh Nirvana,18.5740995,73.9088383,1991.8,STATIC_LAND_USE
11609,"Mhada Colony, Pune - IITM",1156199642,way,grass,,18.5831219,73.9209619,1330.8,STATIC_LAND_USE
11609,"Mhada Colony, Pune - IITM",1258097064,way,commercial,St. Frances De Sales School Ground,18.5597627,73.923951,1524.0,STATIC_LAND_USE
11609,"Mhada Colony, Pune - IITM",1258099213,way,residential,,18.5590743,73.9243368,1588.5,STATIC_LAND_USE
11609,"Mhada Colony, Pune - IITM",1258189010,way,residential,,18.5589158,73.9249305,1593.1,STATIC_LAND_USE
11609,"Mhada Colony, Pune - IITM",1300653374,way,construction,,18.5758679,73.9139718,1481.7,STATIC_LAND_USE
11609,"Mhada Colony, Pune - IITM",1386055155,way,park,M Bhaskar S Shinde Udyan,18.560863,73.9256739,1366.4,STATIC_LAND_USE
11609,"Mhada Colony, Pune - IITM",1410056578,way,residential,Vishaldeep Residency,18.5609929,73.9347616,1528.6,STATIC_LAND_USE
11609,"Mhada Colony, Pune - IITM",1410060890,way,residential,Viman Paradise,18.5647803,73.9114253,1943.7,STATIC_LAND_USE
11609,"Mhada Colony, Pune - IITM",1410313379,way,residential,Krish Ambience,18.5589442,73.9301232,1583.7,STATIC_LAND_USE
11609,"Mhada Colony, Pune - IITM",1410360596,way,residential,Bhatnagar Avenue,18.5685219,73.9204663,910.7,STATIC_LAND_USE
11609,"Mhada Colony, Pune - IITM",1410559849,way,commercial,Lunkad Sky Station,18.5666035,73.9138596,1623.0,STATIC_LAND_USE
11609,"Mhada Colony, Pune - IITM",1410568385,way,residential,Lunkad Zodiac,18.5670007,73.9122791,1757.0,STATIC_LAND_USE
11609,"Mhada Colony, Pune - IITM",1410865102,way,residential,Matoshree Housing Society,18.5580017,73.9335135,1776.8,STATIC_LAND_USE
11609,"Mhada Colony, Pune - IITM",1410900618,way,residential,Disha Skyline,18.5657952,73.9188027,1233.4,STATIC_LAND_USE
11609,"Mhada Colony, Pune - IITM",1411071139,way,residential,Eden Garden Co-operative Housing Society,18.560974,73.9160877,1812.8,STATIC_LAND_USE
11609,"Mhada Colony, Pune - IITM",1411119820,way,commercial,Four Points by Sheraton,18.5627011,73.9221092,1287.9,STATIC_LAND_USE
11609,"Mhada Colony, Pune - IITM",1411191395,way,residential,Gera Terraces II,18.5687307,73.9138832,1531.8,STATIC_LAND_USE
11609,"Mhada Colony, Pune - IITM",1411400505,way,commercial,Vedriti,18.5622937,73.928384,1192.7,STATIC_LAND_USE
11609,"Mhada Colony, Pune - IITM",1411401446,way,residential,Hermes Drome,18.5688227,73.9124269,1675.5,STATIC_LAND_USE
11609,"Mhada Colony, Pune - IITM",1411934586,way,residential,Siddhivinayak Pride,18.5695206,73.9120606,1693.3,STATIC_LAND_USE
11609,"Mhada Colony, Pune - IITM",1412131686,way,residential,Rohan Mithila,18.5755011,73.9108076,1802.1,STATIC_LAND_USE
11609,"Mhada Colony, Pune - IITM",1412136825,way,residential,Roshma Residency,18.5676772,73.9139835,1562.3,STATIC_LAND_USE
11609,"Mhada Colony, Pune - IITM",1412171891,way,residential,Sankalp Society,18.5594251,73.9266607,1513.4,STATIC_LAND_USE
11609,"Mhada Colony, Pune - IITM",1412789946,way,residential,Sai Nandanvan,18.5584675,73.9276973,1615.9,STATIC_LAND_USE
11609,"Mhada Colony, Pune - IITM",1412944475,way,residential,Shravani Garden Society,18.568432,73.9218293,800.6,STATIC_LAND_USE
11609,"Mhada Colony, Pune - IITM",1413235634,way,residential,Konark Nagar,18.5668569,73.9117117,1818.4,STATIC_LAND_USE
11609,"Mhada Colony, Pune - IITM",1459106246,way,industrial,,18.5512836,73.9184434,2604.4,STATIC_LAND_USE
11609,"Mhada Colony, Pune - IITM",1459106471,way,industrial,,18.5510198,73.9184788,2630.3,STATIC_LAND_USE
11609,"Mhada Colony, Pune - IITM",1459107225,way,industrial,,18.5515598,73.918453,2575.6,STATIC_LAND_USE
11609,"Mhada Colony, Pune - IITM",1459107434,way,industrial,,18.5507851,73.9183582,2659.2,STATIC_LAND_USE
11609,"Mhada Colony, Pune - IITM",1459108920,way,industrial,,18.5505539,73.9176659,2710.8,STATIC_LAND_USE
11609,"Mhada Colony, Pune - IITM",1459439686,way,residential,,18.5613274,73.930562,1332.5,STATIC_LAND_USE
60658,"Hadapsar, Pune - IITM",87218843,way,park,Aditi Garden,18.5148924,73.926317,1461.1,STATIC_LAND_USE
60658,"Hadapsar, Pune - IITM",106496515,way,industrial,Hadapsar Industrial Estate,18.5099319,73.9154482,1559.7,STATIC_LAND_USE
60658,"Hadapsar, Pune - IITM",217659258,way,garden,Magarpatta Circle,18.5146832,73.9307089,1472.0,STATIC_LAND_USE
60658,"Hadapsar, Pune - IITM",217659259,way,garden,,18.5131179,73.930626,1300.9,STATIC_LAND_USE
60658,"Hadapsar, Pune - IITM",218859886,way,park,Ram Manohar Lohia Udyan,18.5015203,73.9275923,32.6,STATIC_LAND_USE
60658,"Hadapsar, Pune - IITM",220566715,way,residential,Jasminum,18.5114728,73.9220857,1217.7,STATIC_LAND_USE
60658,"Hadapsar, Pune - IITM",234816391,way,commercial,Suzlon Energy Ltd.,18.5120329,73.935537,1418.8,STATIC_LAND_USE
60658,"Hadapsar, Pune - IITM",256431153,way,residential,,18.5156208,73.9301573,1562.1,STATIC_LAND_USE
60658,"Hadapsar, Pune - IITM",256431155,way,commercial,Famic Technologies Pvt Ltd,18.512855,73.92451,1269.0,STATIC_LAND_USE
60658,"Hadapsar, Pune - IITM",256431156,way,commercial,,18.5125147,73.9275094,1191.4,STATIC_LAND_USE
60658,"Hadapsar, Pune - IITM",256431157,way,commercial,,18.51613,73.9280076,1594.3,STATIC_LAND_USE
60658,"Hadapsar, Pune - IITM",256431159,way,residential,,18.5099265,73.9248874,944.7,STATIC_LAND_USE
60658,"Hadapsar, Pune - IITM",265013898,way,grass,,18.5121264,73.9219468,1288.9,STATIC_LAND_USE
60658,"Hadapsar, Pune - IITM",265013899,way,grass,,18.5116522,73.9218909,1245.0,STATIC_LAND_USE
60658,"Hadapsar, Pune - IITM",265094356,way,grass,,18.5096255,73.9294397,893.9,STATIC_LAND_USE
60658,"Hadapsar, Pune - IITM",265094357,way,park,,18.5096293,73.9296892,900.7,STATIC_LAND_USE
60658,"Hadapsar, Pune - IITM",265156189,way,grass,,18.5139772,73.9242318,1397.2,STATIC_LAND_USE
60658,"Hadapsar, Pune - IITM",265156191,way,grass,,18.5134937,73.924278,1343.9,STATIC_LAND_USE
60658,"Hadapsar, Pune - IITM",265156197,way,grass,,18.5131379,73.9246186,1296.8,STATIC_LAND_USE
60658,"Hadapsar, Pune - IITM",265157630,way,grass,,18.5137024,73.9244585,1361.8,STATIC_LAND_USE
60658,"Hadapsar, Pune - IITM",265157631,way,grass,,18.5136529,73.924509,1355.2,STATIC_LAND_USE
60658,"Hadapsar, Pune - IITM",265157632,way,grass,,18.5135956,73.9245448,1348.1,STATIC_LAND_USE
60658,"Hadapsar, Pune - IITM",265157633,way,grass,,18.5135245,73.9245672,1339.9,STATIC_LAND_USE
60658,"Hadapsar, Pune - IITM",265157634,way,grass,,18.5134097,73.9246835,1324.7,STATIC_LAND_USE
60658,"Hadapsar, Pune - IITM",265157635,way,grass,,18.5133874,73.9247548,1320.6,STATIC_LAND_USE
60658,"Hadapsar, Pune - IITM",265157636,way,grass,,18.5133422,73.9248123,1314.4,STATIC_LAND_USE
60658,"Hadapsar, Pune - IITM",265157637,way,grass,,18.5132934,73.9248653,1307.9,STATIC_LAND_USE
60658,"Hadapsar, Pune - IITM",265157641,way,grass,,18.5129776,73.9276342,1243.0,STATIC_LAND_USE
60658,"Hadapsar, Pune - IITM",265157642,way,grass,,18.5133053,73.9280285,1280.5,STATIC_LAND_USE
60658,"Hadapsar, Pune - IITM",265157643,way,grass,,18.513134,73.9274367,1260.3,STATIC_LAND_USE
60658,"Hadapsar, Pune - IITM",265157644,way,grass,,18.5131765,73.9274915,1265.0,STATIC_LAND_USE
60658,"Hadapsar, Pune - IITM",265157645,way,grass,,18.5132085,73.9275536,1268.6,STATIC_LAND_USE
60658,"Hadapsar, Pune - IITM",265157646,way,grass,,18.5132253,73.9276226,1270.5,STATIC_LAND_USE
60658,"Hadapsar, Pune - IITM",265157647,way,grass,,18.513339,73.9277656,1283.4,STATIC_LAND_USE
60658,"Hadapsar, Pune - IITM",265157648,way,grass,,18.5134053,73.9277981,1290.8,STATIC_LAND_USE
60658,"Hadapsar, Pune - IITM",265157649,way,grass,,18.5134594,73.9278413,1297.0,STATIC_LAND_USE
60658,"Hadapsar, Pune - IITM",265157650,way,grass,,18.5135018,73.9278942,1301.8,STATIC_LAND_USE
60658,"Hadapsar, Pune - IITM",265157666,way,grass,,18.5153299,73.9284176,1507.6,STATIC_LAND_USE
60658,"Hadapsar, Pune - IITM",265157668,way,grass,,18.515144,73.9284395,1487.1,STATIC_LAND_USE
60658,"Hadapsar, Pune - IITM",265157669,way,grass,,18.5151169,73.9284607,1484.2,STATIC_LAND_USE
60658,"Hadapsar, Pune - IITM",265157670,way,grass,,18.5151293,73.928497,1485.9,STATIC_LAND_USE
60658,"Hadapsar, Pune - IITM",265157671,way,grass,,18.5151092,73.9285277,1483.9,STATIC_LAND_USE
60658,"Hadapsar, Pune - IITM",265157672,way,grass,,18.5151133,73.9285764,1484.7,STATIC_LAND_USE
60658,"Hadapsar, Pune - IITM",265157673,way,grass,,18.5151191,73.9287078,1486.5,STATIC_LAND_USE
60658,"Hadapsar, Pune - IITM",265157674,way,grass,,18.515079,73.9286728,1481.7,STATIC_LAND_USE
60658,"Hadapsar, Pune - IITM",265157675,way,grass,,18.5150969,73.92874,1484.3,STATIC_LAND_USE
60658,"Hadapsar, Pune - IITM",279220189,way,grass,,18.5127678,73.9213195,1382.8,STATIC_LAND_USE
60658,"Hadapsar, Pune - IITM",279220193,way,park,,18.5099943,73.9228787,1033.3,STATIC_LAND_USE
60658,"Hadapsar, Pune - IITM",279220195,way,grass,,18.5127653,73.9217062,1363.8,STATIC_LAND_USE
60658,"Hadapsar, Pune - IITM",279220197,way,grass,,18.5097588,73.9223162,1040.2,STATIC_LAND_USE
60658,"Hadapsar, Pune - IITM",279220199,way,grass,,18.5101878,73.9221691,1089.0,STATIC_LAND_USE
60658,"Hadapsar, Pune - IITM",279220202,way,grass,,18.5113049,73.9217375,1219.1,STATIC_LAND_USE
60658,"Hadapsar, Pune - IITM",279220204,way,grass,,18.5107454,73.9219636,1153.3,STATIC_LAND_USE
60658,"Hadapsar, Pune - IITM",279220206,way,grass,,18.5123312,73.9214054,1335.8,STATIC_LAND_USE
60658,"Hadapsar, Pune - IITM",279220212,way,grass,,18.512393,73.9215694,1333.6,STATIC_LAND_USE
60658,"Hadapsar, Pune - IITM",279220217,way,park,,18.5099602,73.9246391,956.2,STATIC_LAND_USE
60658,"Hadapsar, Pune - IITM",279220220,way,grass,,18.5101401,73.9223461,1074.9,STATIC_LAND_USE
60658,"Hadapsar, Pune - IITM",279220222,way,grass,,18.5105497,73.9221759,1123.3,STATIC_LAND_USE
60658,"Hadapsar, Pune - IITM",279220223,way,grass,,18.510335,73.9223182,1095.1,STATIC_LAND_USE
60658,"Hadapsar, Pune - IITM",279220225,way,grass,,18.5124398,73.9221851,1309.1,STATIC_LAND_USE
60658,"Hadapsar, Pune - IITM",279220226,way,grass,,18.5109136,73.9220462,1165.2,STATIC_LAND_USE
60658,"Hadapsar, Pune - IITM",279220228,way,grass,,18.510716,73.9222654,1134.7,STATIC_LAND_USE
60658,"Hadapsar, Pune - IITM",279220229,way,grass,,18.5125532,73.921847,1336.0,STATIC_LAND_USE
60658,"Hadapsar, Pune - IITM",279220231,way,grass,,18.5121618,73.9221968,1280.7,STATIC_LAND_USE
60658,"Hadapsar, Pune - IITM",279220232,way,grass,,18.5099499,73.9252135,937.8,STATIC_LAND_USE
60658,"Hadapsar, Pune - IITM",279220234,way,grass,,18.5116323,73.9216083,1257.5,STATIC_LAND_USE
60658,"Hadapsar, Pune - IITM",279220242,way,park,,18.5100999,73.9246349,971.1,STATIC_LAND_USE
60658,"Hadapsar, Pune - IITM",279220249,way,park,,18.5100726,73.9251436,952.8,STATIC_LAND_USE
60658,"Hadapsar, Pune - IITM",279220253,way,park,,18.5098072,73.9246325,940.3,STATIC_LAND_USE
60658,"Hadapsar, Pune - IITM",279220257,way,park,,18.5097753,73.9251547,920.6,STATIC_LAND_USE
60658,"Hadapsar, Pune - IITM",281331573,way,grass,,18.5113669,73.9240356,1124.8,STATIC_LAND_USE
60658,"Hadapsar, Pune - IITM",281331575,way,grass,,18.511577,73.9241037,1144.6,STATIC_LAND_USE
60658,"Hadapsar, Pune - IITM",281755253,way,grass,,18.5096937,73.9266267,882.6,STATIC_LAND_USE
60658,"Hadapsar, Pune - IITM",281755254,way,park,,18.5096572,73.9272489,874.1,STATIC_LAND_USE
60658,"Hadapsar, Pune - IITM",281755255,way,park,,18.5090034,73.928058,803.1,STATIC_LAND_USE
60658,"Hadapsar, Pune - IITM",281755258,way,grass,,18.5110552,73.9243288,1082.1,STATIC_LAND_USE
60658,"Hadapsar, Pune - IITM",281755259,way,grass,,18.5112316,73.9242195,1104.3,STATIC_LAND_USE
60658,"Hadapsar, Pune - IITM",281755260,way,grass,,18.5110975,73.9243496,1085.9,STATIC_LAND_USE
60658,"Hadapsar, Pune - IITM",281755261,way,grass,,18.5110707,73.92455,1076.8,STATIC_LAND_USE
60658,"Hadapsar, Pune - IITM",281755262,way,grass,,18.5111135,73.9250007,1068.6,STATIC_LAND_USE
60658,"Hadapsar, Pune - IITM",281773957,way,grass,,18.511349,73.9248332,1098.4,STATIC_LAND_USE
60658,"Hadapsar, Pune - IITM",281773958,way,grass,,18.5115454,73.9249076,1117.6,STATIC_LAND_USE
60658,"Hadapsar, Pune - IITM",281773959,way,grass,,18.5117153,73.9250076,1133.4,STATIC_LAND_USE
60658,"Hadapsar, Pune - IITM",281773961,way,grass,,18.5118227,73.9239467,1175.8,STATIC_LAND_USE
60658,"Hadapsar, Pune - IITM",281773962,way,grass,,18.5118437,73.9243906,1163.9,STATIC_LAND_USE
60658,"Hadapsar, Pune - IITM",281773963,way,grass,,18.5118011,73.9245838,1153.8,STATIC_LAND_USE
60658,"Hadapsar, Pune - IITM",281773965,way,grass,,18.5111531,73.9238729,1108.1,STATIC_LAND_USE
60658,"Hadapsar, Pune - IITM",281773966,way,grass,,18.5111888,73.9230475,1144.7,STATIC_LAND_USE
60658,"Hadapsar, Pune - IITM",281773967,way,grass,,18.511871,73.9230945,1212.4,STATIC_LAND_USE
60658,"Hadapsar, Pune - IITM",281835448,way,park,,18.5133468,73.9210212,1454.4,STATIC_LAND_USE
60658,"Hadapsar, Pune - IITM",281835476,way,grass,,18.5121683,73.9224083,1271.8,STATIC_LAND_USE
60658,"Hadapsar, Pune - IITM",281835491,way,grass,,18.5127495,73.9224206,1330.1,STATIC_LAND_USE
60658,"Hadapsar, Pune - IITM",281835499,way,grass,,18.5129192,73.9239951,1290.5,STATIC_LAND_USE
60658,"Hadapsar, Pune - IITM",281835525,way,grass,,18.5132509,73.9222041,1390.4,STATIC_LAND_USE
60658,"Hadapsar, Pune - IITM",292770490,way,industrial,Ramtekdi Industrial Estate,18.4960379,73.9194229,1065.8,STATIC_LAND_USE
60658,"Hadapsar, Pune - IITM",365632489,way,residential,Navjeevan Park Society,18.493773,73.9311013,970.0,STATIC_LAND_USE
60658,"Hadapsar, Pune - IITM",384667642,way,industrial,,18.5173482,73.9170934,2047.7,STATIC_LAND_USE
60658,"Hadapsar, Pune - IITM",384667643,way,commercial,Vijay Sales,18.5040104,73.9251979,345.5,STATIC_LAND_USE
60658,"Hadapsar, Pune - IITM",469320325,way,park,grevillea park,18.5096961,73.9266108,883.0,STATIC_LAND_USE
60658,"Hadapsar, Pune - IITM",469322847,way,park,Magarpatta City School Ground,18.5111511,73.9273805,1039.9,STATIC_LAND_USE
60658,"Hadapsar, Pune - IITM",469323826,way,park,club house,18.5096639,73.9272658,874.8,STATIC_LAND_USE
60658,"Hadapsar, Pune - IITM",469351177,way,park,,18.5148931,73.9261254,1463.1,STATIC_LAND_USE
60658,"Hadapsar, Pune - IITM",469351190,way,park,,18.5148571,73.9268364,1453.6,STATIC_LAND_USE
60658,"Hadapsar, Pune - IITM",469351345,way,park,,18.5142234,73.9266005,1384.7,STATIC_LAND_USE
60658,"Hadapsar, Pune - IITM",469351564,way,park,,18.5155297,73.9267308,1528.8,STATIC_LAND_USE
60658,"Hadapsar, Pune - IITM",469351957,way,park,,18.5116124,73.9313883,1165.6,STATIC_LAND_USE
60658,"Hadapsar, Pune - IITM",469392069,way,park,,18.5106663,73.9305666,1037.6,STATIC_LAND_USE
60658,"Hadapsar, Pune - IITM",469394293,way,park,,18.5100548,73.9227977,1043.3,STATIC_LAND_USE
60658,"Hadapsar, Pune - IITM",469394443,way,park,,18.511957,73.9218934,1274.8,STATIC_LAND_USE
60658,"Hadapsar, Pune - IITM",470109423,way,park,bhosale garden,18.5049275,73.9306108,478.1,STATIC_LAND_USE
60658,"Hadapsar, Pune - IITM",472272180,way,industrial,,18.5122117,73.9153803,1724.4,STATIC_LAND_USE
60658,"Hadapsar, Pune - IITM",473827085,way,park,,18.5043441,73.9343271,773.5,STATIC_LAND_USE
60658,"Hadapsar, Pune - IITM",756570256,way,residential,Marvel Bounty,18.5107985,73.9355281,1310.6,STATIC_LAND_USE
60658,"Hadapsar, Pune - IITM",923955976,way,industrial,,18.5075757,73.9472137,2175.7,STATIC_LAND_USE
60658,"Hadapsar, Pune - IITM",1019957219,way,residential,Samrat Garden,18.5011638,73.9290908,182.1,STATIC_LAND_USE
60658,"Hadapsar, Pune - IITM",1153427909,way,park,,18.4981607,73.9314643,581.8,STATIC_LAND_USE
60658,"Hadapsar, Pune - IITM",1247692008,way,residential,,18.5148289,73.9263493,1453.8,STATIC_LAND_USE
60658,"Hadapsar, Pune - IITM",1409730518,way,residential,Agarwal Gardens,18.5003555,73.9291764,238.8,STATIC_LAND_USE
60658,"Hadapsar, Pune - IITM",1409958283,way,residential,Manisha   Apartments,18.5030865,73.9225041,545.9,STATIC_LAND_USE
60658,"Hadapsar, Pune - IITM",1409961913,way,residential,Yogiraj Complex,18.4906093,73.935586,1508.5,STATIC_LAND_USE
60658,"Hadapsar, Pune - IITM",1410095847,way,residential,Narayan Baug Society,18.5048707,73.928264,350.8,STATIC_LAND_USE
60658,"Hadapsar, Pune - IITM",1410319510,way,residential,Priyanka Residency,18.5007298,73.931296,417.6,STATIC_LAND_USE
60658,"Hadapsar, Pune - IITM",1410392004,way,residential,Bhosale Park,18.5023521,73.9308429,357.8,STATIC_LAND_USE
60658,"Hadapsar, Pune - IITM",1410469988,way,residential,Chaurang Sanskruti,18.5054764,73.9323355,653.5,STATIC_LAND_USE
60658,"Hadapsar, Pune - IITM",1410827345,way,residential,Samarth Shrushti CO.OP.Housing Society Ltd,18.5057586,73.9300906,518.1,STATIC_LAND_USE
60658,"Hadapsar, Pune - IITM",1410836885,way,residential,Binawat Township,18.4913505,73.9337963,1338.3,STATIC_LAND_USE
60658,"Hadapsar, Pune - IITM",1410842203,way,residential,Mantri Niwas,18.4984587,73.9233508,574.0,STATIC_LAND_USE
60658,"Hadapsar, Pune - IITM",1410844150,way,residential,Saraswathi Garden,18.5054576,73.9388763,1266.7,STATIC_LAND_USE
60658,"Hadapsar, Pune - IITM",1410864878,way,commercial,Cocoon Hotel,18.5090619,73.9282958,811.8,STATIC_LAND_USE
60658,"Hadapsar, Pune - IITM",1410892528,way,residential,Shanti Residency,18.4975263,73.9371039,1118.7,STATIC_LAND_USE
60658,"Hadapsar, Pune - IITM",1411140135,way,residential,Ganga Residency,18.4986557,73.9348661,851.8,STATIC_LAND_USE
60658,"Hadapsar, Pune - IITM",1411147323,way,residential,Unika,18.5032234,73.9305429,357.8,STATIC_LAND_USE
60658,"Hadapsar, Pune - IITM",1411389732,way,residential,Vastu Samruddhi Society,18.504806,73.9312742,519.7,STATIC_LAND_USE
60658,"Hadapsar, Pune - IITM",1411436434,way,commercial,Moistin,18.5029002,73.933773,672.7,STATIC_LAND_USE
60658,"Hadapsar, Pune - IITM",1412092294,way,residential,"Shivneri, Kamdhenu Estate Cooperative Housing Society",18.5022726,73.9351993,813.6,STATIC_LAND_USE
60658,"Hadapsar, Pune - IITM",1412103772,way,commercial,Tata Consultancy Services,18.513102,73.9336864,1415.9,STATIC_LAND_USE
60658,"Hadapsar, Pune - IITM",1412104665,way,residential,Radhika Garden Society,18.4961593,73.9295803,664.5,STATIC_LAND_USE
60658,"Hadapsar, Pune - IITM",1412118055,way,residential,Siddhivinayak Angan,18.4919231,73.9331322,1248.6,STATIC_LAND_USE
60658,"Hadapsar, Pune - IITM",1412119357,way,residential,Siddhivinayak Park,18.5021346,73.9252823,236.8,STATIC_LAND_USE
60658,"Hadapsar, Pune - IITM",1412132220,way,residential,Nilesh Park,18.5073058,73.9401164,1464.5,STATIC_LAND_USE
60658,"Hadapsar, Pune - IITM",1412185579,way,residential,Palacino Apartment,18.5008226,73.9305986,344.3,STATIC_LAND_USE
60658,"Hadapsar, Pune - IITM",1412194827,way,residential,Suryalok Nagari,18.5027602,73.9212733,665.2,STATIC_LAND_USE
60658,"Hadapsar, Pune - IITM",1412419629,way,residential,Vardhaman Township,18.4882351,73.934103,1661.3,STATIC_LAND_USE
60658,"Hadapsar, Pune - IITM",1412549907,way,residential,Poorva Nagari,18.5027767,73.9210228,691.6,STATIC_LAND_USE
60658,"Hadapsar, Pune - IITM",1413213330,way,residential,Pratik nagar society,18.4898405,73.9327604,1440.9,STATIC_LAND_USE
60658,"Hadapsar, Pune - IITM",1413217361,way,residential,Ganraj Estate,18.5026253,73.9207109,721.8,STATIC_LAND_USE
60658,"Hadapsar, Pune - IITM",1413227286,way,residential,Jay Prakash CHS,18.5066626,73.9371426,1151.6,STATIC_LAND_USE
60658,"Hadapsar, Pune - IITM",1413228253,way,commercial,HCL technologies,18.5121728,73.9335057,1315.8,STATIC_LAND_USE
60658,"Hadapsar, Pune - IITM",1413602623,way,residential,Shree Laxmi Classic Society,18.5059001,73.9295187,503.2,STATIC_LAND_USE
60658,"Hadapsar, Pune - IITM",1413603004,way,residential,Shrawandhara Society,18.4927412,73.9350243,1282.3,STATIC_LAND_USE
60658,"Hadapsar, Pune - IITM",1482291620,way,residential,Jasminium Gate 2,18.5118743,73.9227984,1225.0,STATIC_LAND_USE
60658,"Hadapsar, Pune - IITM",1482292224,way,residential,Jasminium Gate 1,18.5099951,73.9236929,995.8,STATIC_LAND_USE
60658,"Hadapsar, Pune - IITM",1482298059,way,residential,Jasminium Gate 3,18.5135776,73.9223191,1419.0,STATIC_LAND_USE
3409331,"Bhosari, Pune - IITM",236173670,way,park,Moshi Traffic Park,18.6523195,73.844217,1449.2,STATIC_LAND_USE
3409331,"Bhosari, Pune - IITM",237621725,way,industrial,,18.6425651,73.8367526,1319.2,STATIC_LAND_USE
3409331,"Bhosari, Pune - IITM",242011127,way,park,,18.6367809,73.8430823,724.5,STATIC_LAND_USE
3409331,"Bhosari, Pune - IITM",251882434,way,park,,18.6435534,73.8493975,386.3,STATIC_LAND_USE
3409331,"Bhosari, Pune - IITM",251882435,way,park,,18.6452192,73.8490153,569.2,STATIC_LAND_USE
3409331,"Bhosari, Pune - IITM",251882436,way,park,,18.6346465,73.8478804,617.8,STATIC_LAND_USE
3409331,"Bhosari, Pune - IITM",502438540,way,industrial,MIDC Bhosari,18.6376389,73.8326531,1744.0,STATIC_LAND_USE
3409331,"Bhosari, Pune - IITM",785862558,way,park,,18.6443921,73.8363151,1419.2,STATIC_LAND_USE
3409331,"Bhosari, Pune - IITM",785862559,way,park,,18.6429998,73.8347132,1539.4,STATIC_LAND_USE
3409331,"Bhosari, Pune - IITM",785862561,way,park,,18.6443861,73.8486231,478.2,STATIC_LAND_USE
3409331,"Bhosari, Pune - IITM",785862563,way,garden,,18.6461631,73.8421231,989.7,STATIC_LAND_USE
3409331,"Bhosari, Pune - IITM",1258394878,way,residential,,18.6483315,73.8492975,915.8,STATIC_LAND_USE
3409331,"Bhosari, Pune - IITM",1459473844,way,forest,,18.6287747,73.8464064,1288.6,STATIC_LAND_USE
3409331,"Bhosari, Pune - IITM",1545603614,way,park,"PCNTDA Park ,Spine Road ,BHOSARI",18.6452078,73.8449214,712.2,STATIC_LAND_USE
3409438,"Katraj Dairy, Pune - MPCB",54937943,way,park,Katraj Lake,18.4536001,73.861624,789.4,STATIC_LAND_USE
3409438,"Katraj Dairy, Pune - MPCB",150835043,way,forest,Taljai forest,18.4758454,73.8390501,2861.2,STATIC_LAND_USE
3409438,"Katraj Dairy, Pune - MPCB",157291301,way,residential,Shree Krupa Shrusti Apartment,18.4418194,73.8482291,1544.3,STATIC_LAND_USE
3409438,"Katraj Dairy, Pune - MPCB",317534999,way,residential,State Bank Nagar,18.4623583,73.8642986,1377.7,STATIC_LAND_USE
3409438,"Katraj Dairy, Pune - MPCB",511315413,way,park,Ganga Osian Garden,18.4545017,73.8652752,1168.2,STATIC_LAND_USE
3409438,"Katraj Dairy, Pune - MPCB",511316197,way,park,Rajas Society Playground,18.4524173,73.8650379,1166.4,STATIC_LAND_USE
3409438,"Katraj Dairy, Pune - MPCB",556263430,way,park,Katraj Park,18.4440849,73.8625817,1457.0,STATIC_LAND_USE
3409438,"Katraj Dairy, Pune - MPCB",556266921,way,park,Nana Nani Park,18.4466682,73.8626756,1248.0,STATIC_LAND_USE
3409438,"Katraj Dairy, Pune - MPCB",629205482,way,park,Mahavir Swami Udyan,18.4601688,73.8660823,1402.9,STATIC_LAND_USE
3409438,"Katraj Dairy, Pune - MPCB",629208593,way,park,Pragati Udyan,18.4499237,73.8631852,1075.7,STATIC_LAND_USE
3409438,"Katraj Dairy, Pune - MPCB",963113011,way,garden,,18.4577766,73.8571487,479.0,STATIC_LAND_USE
3409438,"Katraj Dairy, Pune - MPCB",963113013,way,garden,,18.4618246,73.8570175,867.0,STATIC_LAND_USE
3409438,"Katraj Dairy, Pune - MPCB",963119300,way,garden,,18.463256,73.8541288,973.7,STATIC_LAND_USE
3409438,"Katraj Dairy, Pune - MPCB",963119305,way,garden,,18.4632327,73.853401,974.7,STATIC_LAND_USE
3409438,"Katraj Dairy, Pune - MPCB",963120176,way,garden,,18.4643384,73.8561465,1113.1,STATIC_LAND_USE
3409438,"Katraj Dairy, Pune - MPCB",963120177,way,garden,,18.4644327,73.8567656,1137.1,STATIC_LAND_USE
3409438,"Katraj Dairy, Pune - MPCB",1246003672,way,residential,Shree Datta Niwas Co-operative Housing Society,18.4471272,73.8473307,1094.1,STATIC_LAND_USE
3409438,"Katraj Dairy, Pune - MPCB",1246015341,way,residential,MSR Olive,18.4476712,73.8481312,993.1,STATIC_LAND_USE
3409438,"Katraj Dairy, Pune - MPCB",1356125372,way,park,Play Area,18.4504759,73.8548918,453.4,STATIC_LAND_USE
3409438,"Katraj Dairy, Pune - MPCB",1409735210,way,residential,Ajinkya Samruddhi,18.4522393,73.8558466,305.5,STATIC_LAND_USE
3409438,"Katraj Dairy, Pune - MPCB",1409994630,way,residential,Atmosphere,18.4541058,73.8411488,1377.3,STATIC_LAND_USE
3409438,"Katraj Dairy, Pune - MPCB",1410068412,way,residential,Vidya Niketan,18.4521036,73.8485436,653.4,STATIC_LAND_USE
3409438,"Katraj Dairy, Pune - MPCB",1410296058,way,residential,Amber Classic Society,18.449864,73.8467775,937.4,STATIC_LAND_USE
3409438,"Katraj Dairy, Pune - MPCB",1410314993,way,residential,Amrut Kalash Nagari,18.4526245,73.8485589,630.5,STATIC_LAND_USE
3409438,"Katraj Dairy, Pune - MPCB",1410355978,way,residential,Relicon Garden Groove,18.4495531,73.8440059,1207.8,STATIC_LAND_USE
3409438,"Katraj Dairy, Pune - MPCB",1410357951,way,residential,Bharti Vihar,18.4569862,73.852424,333.9,STATIC_LAND_USE
3409438,"Katraj Dairy, Pune - MPCB",1410396151,way,residential,Blue Springs Society,18.4440042,73.8448948,1524.9,STATIC_LAND_USE
3409438,"Katraj Dairy, Pune - MPCB",1410830825,way,residential,Ashoka Aagam,18.4509765,73.8515101,483.7,STATIC_LAND_USE
3409438,"Katraj Dairy, Pune - MPCB",1410884675,way,residential,Shalini Residency,18.4527578,73.8526978,250.3,STATIC_LAND_USE
3409438,"Katraj Dairy, Pune - MPCB",1410923372,way,residential,Dream City,18.4459963,73.8453505,1328.7,STATIC_LAND_USE
3409438,"Katraj Dairy, Pune - MPCB",1411081414,way,residential,Shree Vitthal Heritage Co Home Design Institute Limited,18.448479,73.8463785,1062.5,STATIC_LAND_USE
3409438,"Katraj Dairy, Pune - MPCB",1411396659,way,residential,Hamy Residency,18.4494947,73.8455756,1066.4,STATIC_LAND_USE
3409438,"Katraj Dairy, Pune - MPCB",1412118919,way,residential,"Pristine Pacific, Phase -1 & 2",18.4511004,73.8422633,1314.6,STATIC_LAND_USE
3409438,"Katraj Dairy, Pune - MPCB",1412119597,way,residential,"Pristine Pacific, Phase -3",18.4499443,73.8417691,1405.6,STATIC_LAND_USE
3409438,"Katraj Dairy, Pune - MPCB",1412164829,way,residential,Omkar Swarup,18.4551224,73.849799,469.3,STATIC_LAND_USE
3409438,"Katraj Dairy, Pune - MPCB",1412419348,way,residential,Vaishnavi Vihar,18.4546524,73.8529574,132.2,STATIC_LAND_USE
3409438,"Katraj Dairy, Pune - MPCB",1412556579,way,residential,Prakash Deep Co-op Housing Society,18.4519146,73.8521726,358.3,STATIC_LAND_USE
3409438,"Katraj Dairy, Pune - MPCB",1413605110,way,residential,Sawant Vihar,18.4520913,73.8569881,397.8,STATIC_LAND_USE
3409438,"Katraj Dairy, Pune - MPCB",1413639207,way,residential,Agam Darshan,18.4511149,73.8559641,419.9,STATIC_LAND_USE
3409438,"Katraj Dairy, Pune - MPCB",1429561891,way,grass,,18.4533495,73.8437727,1107.3,STATIC_LAND_USE
3409438,"Katraj Dairy, Pune - MPCB",1429561892,way,grass,,18.453536,73.844229,1057.2,STATIC_LAND_USE
3409438,"Katraj Dairy, Pune - MPCB",1429561893,way,grass,,18.4531651,73.8445316,1030.5,STATIC_LAND_USE
3409526,"Panchawati_Pashan, Pune - IITM",60981745,way,residential,Nimhan Bunglow,18.5454203,73.8042894,1000.1,STATIC_LAND_USE
3409526,"Panchawati_Pashan, Pune - IITM",86918965,way,residential,State Bank Nagar,18.5317075,73.8134424,992.5,STATIC_LAND_USE
3409526,"Panchawati_Pashan, Pune - IITM",86918976,way,residential,Buena Monte Society,18.5311582,73.8132142,1007.1,STATIC_LAND_USE
3409526,"Panchawati_Pashan, Pune - IITM",86919010,way,residential,IITM Staff Residential Quarters,18.5362053,73.8087297,342.1,STATIC_LAND_USE
3409526,"Panchawati_Pashan, Pune - IITM",86919015,way,park,DRDO Ground,18.5389603,73.8010692,541.3,STATIC_LAND_USE
3409526,"Panchawati_Pashan, Pune - IITM",86919059,way,residential,Pashan Gaon,18.5392508,73.7962312,1023.9,STATIC_LAND_USE
3409526,"Panchawati_Pashan, Pune - IITM",91658392,way,residential,NCL Golden Jubilee Hostel,18.5374504,73.8090513,389.0,STATIC_LAND_USE
3409526,"Panchawati_Pashan, Pune - IITM",91658537,way,residential,IMD Colony,18.5414074,73.8035651,582.6,STATIC_LAND_USE
3409526,"Panchawati_Pashan, Pune - IITM",91712021,way,residential,Abhimanshree Co Op Housing Society,18.5436374,73.8182386,1559.9,STATIC_LAND_USE
3409526,"Panchawati_Pashan, Pune - IITM",91713335,way,residential,MERADO Colony,18.5376095,73.807444,239.2,STATIC_LAND_USE
3409526,"Panchawati_Pashan, Pune - IITM",91910674,way,residential,DRDO Colony Pashan,18.5318663,73.7896604,1747.6,STATIC_LAND_USE
3409526,"Panchawati_Pashan, Pune - IITM",93846339,way,residential,Success Towers,18.5304926,73.8141681,1132.0,STATIC_LAND_USE
3409526,"Panchawati_Pashan, Pune - IITM",202301146,way,industrial,Automotive Research Association of India (ARAI),18.5233099,73.8149715,1774.3,STATIC_LAND_USE
3409526,"Panchawati_Pashan, Pune - IITM",215998963,way,park,,18.5326276,73.8128469,886.2,STATIC_LAND_USE
3409526,"Panchawati_Pashan, Pune - IITM",233735597,way,retail,DRDO Shopping Complex,18.5369699,73.7954655,1059.2,STATIC_LAND_USE
3409526,"Panchawati_Pashan, Pune - IITM",251618640,way,park,,18.5290108,73.8120957,1084.9,STATIC_LAND_USE
3409526,"Panchawati_Pashan, Pune - IITM",359795830,way,residential,"D4 Shishir, IITM Colony",18.5362749,73.8107378,552.8,STATIC_LAND_USE
3409526,"Panchawati_Pashan, Pune - IITM",359809348,way,commercial,Shivranjam Commercial,18.5462252,73.8030174,1112.6,STATIC_LAND_USE
3409526,"Panchawati_Pashan, Pune - IITM",359962272,way,park,100 NCL Innovation Park,18.5389291,73.8060875,277.1,STATIC_LAND_USE
3409526,"Panchawati_Pashan, Pune - IITM",400004517,way,commercial,NCL Innovation Park,18.5390289,73.8060686,287.5,STATIC_LAND_USE
3409526,"Panchawati_Pashan, Pune - IITM",499586301,way,residential,State Bank Nagar,18.5422112,73.7931048,1452.9,STATIC_LAND_USE
3409526,"Panchawati_Pashan, Pune - IITM",499586568,way,residential,Nikash Lawns,18.5429749,73.7932943,1474.5,STATIC_LAND_USE
3409526,"Panchawati_Pashan, Pune - IITM",499589653,way,residential,Amar Serenity,18.5445492,73.7934716,1552.1,STATIC_LAND_USE
3409526,"Panchawati_Pashan, Pune - IITM",556074002,way,park,Gram Sankruti Udyan,18.5455808,73.7979816,1283.7,STATIC_LAND_USE
3409526,"Panchawati_Pashan, Pune - IITM",692252521,way,park,Pashan Akhada Park,18.5411297,73.7948132,1238.7,STATIC_LAND_USE
3409526,"Panchawati_Pashan, Pune - IITM",784677405,way,park,,18.5402246,73.7926752,1414.1,STATIC_LAND_USE
3409526,"Panchawati_Pashan, Pune - IITM",1038306401,way,grass,,18.5435128,73.8069039,793.7,STATIC_LAND_USE
3409526,"Panchawati_Pashan, Pune - IITM",1038768928,way,residential,IISER Pune Faculty quarters,18.5430717,73.807581,763.0,STATIC_LAND_USE
3409526,"Panchawati_Pashan, Pune - IITM",1038779851,way,grass,,18.5439516,73.8075032,855.1,STATIC_LAND_USE
3409526,"Panchawati_Pashan, Pune - IITM",1409746909,way,residential,Amar Landmark,18.544561,73.8049032,898.5,STATIC_LAND_USE
3409526,"Panchawati_Pashan, Pune - IITM",1410109938,way,residential,Neelkanth Apartment,18.5490833,73.803557,1414.1,STATIC_LAND_USE
3409526,"Panchawati_Pashan, Pune - IITM",1410345557,way,residential,Belscot Residency,18.5489749,73.8043057,1392.8,STATIC_LAND_USE
3409526,"Panchawati_Pashan, Pune - IITM",1410534483,way,residential,Sahadeo Avenue,18.5435609,73.8017196,880.5,STATIC_LAND_USE
3409526,"Panchawati_Pashan, Pune - IITM",1410832734,way,residential,Sanjay Residency,18.5501644,73.8042149,1525.4,STATIC_LAND_USE
3409526,"Panchawati_Pashan, Pune - IITM",1411400652,way,residential,Heramb Society,18.5397225,73.7917294,1495.3,STATIC_LAND_USE
3409526,"Panchawati_Pashan, Pune - IITM",1429919446,way,residential,Bhuvaneshwar Co Op Housing Society,18.5436082,73.8171768,1462.9,STATIC_LAND_USE
