feature_name,rf_gini_importance,hgb_permutation_mae_loss,category
pm25,0.2939785857726478,5.5582565570819025,PM2.5 History
pm25_rolling_mean_3h,0.24187531936843476,1.0261170286328556,PM2.5 History
pm25_lag_1h,0.12383561900055895,0.0931335849715813,PM2.5 History
pm25_rolling_mean_6h,0.1119348242316127,0.04273726571538532,PM2.5 History
pm25_lag_2h,0.047037638573626125,0.02907174765660283,PM2.5 History
pm25_rolling_mean_12h,0.037235929280510165,0.014336122132305285,PM2.5 History
pm25_rolling_mean_24h,0.021427236175205894,0.30186619975676815,PM2.5 History
pm25_lag_24h,0.016643322862100247,0.00970713049562182,PM2.5 History
pm25_lag_3h,0.016524722001866818,-0.0009557668671597242,PM2.5 History
pm25_lag_6h,0.014397603540382891,0.006836256677320307,PM2.5 History
pm25_lag_12h,0.005743404955378576,-0.0009314996689216315,PM2.5 History
solar_rad_wm2,0.004660745713122729,0.07566154837370327,Weather
pm25_rolling_std_6h,0.0034880782524181636,0.03194601561772661,PM2.5 History
pbl_height_m,0.0031610702063141383,0.009649996753190315,Atmospheric Dispersion
pm25_rolling_std_24h,0.00276986975534539,0.014014568288858342,PM2.5 History
hour_cos,0.00251036432379731,0.04597141496915284,Temporal
day,0.0024677238036272396,-0.00047472525052008054,Other
wind_v,0.002318473379787615,0.06121038231561471,Atmospheric Dispersion
ventilation_index,0.002084627719202453,0.002010625726919457,Atmospheric Dispersion
precip_rolling_sum_24h,0.001988420838323277,-0.00019780994541314102,Weather
dew_point_c,0.0017037368821889109,0.018865880548521653,Weather
hour_ist,0.0015504263231960922,0.004401086690793754,Temporal
pbl_height_m_lag_1h,0.001332419668807617,-0.000475324139588551,Atmospheric Dispersion
pbl_height_m_lag_6h,0.0012792164423898807,0.017977401876863298,Atmospheric Dispersion
temp_c,0.0012739783862496562,0.007283204016533773,Weather
pressure_hpa,0.001226506718615586,0.0016518103119327777,Weather
wind_speed_ms_lag_6h,0.0012215989788534345,-0.0004612062464184774,Atmospheric Dispersion
temp_dewpoint_spread,0.001211430393992283,0.007866278833969176,Weather
traffic_ventilation_ratio,0.0011747484830917682,0.023081443561317628,Traffic
wind_u,0.0011175878889910463,0.0034144274536574313,Atmospheric Dispersion
humidity_pct,0.0010809899338681918,0.0021116140585224485,Weather
hour_sin,0.0010732879258139013,0.0794443770795434,Temporal
wind_speed_ms_rolling_mean_6h,0.0010702397567981773,0.0338215736310163,Atmospheric Dispersion
temp_c_lag_6h,0.0010664189103374534,0.011577955969230658,Weather
wind_dir_deg,0.001018120923813569,0.02896440664769102,Atmospheric Dispersion
ventilation_index_lag_1h,0.0009948021854395079,0.025006135214836078,Atmospheric Dispersion
humidity_pct_lag_1h,0.0009866924367000491,0.0005548070730203136,Weather
pm25_obs_count,0.0009808581059323248,0.13096905433023115,Other
industrial_dispersion_ratio,0.000953913467942396,0.0028480755762108957,Activity / Industrial
temp_c_rolling_mean_6h,0.0009427063516275063,0.09270703561196018,Weather
month_sin,0.0009234765380883545,-0.0008689812749391734,Temporal
poi_traffic_interaction,0.0008974291237926224,0.01775817035167897,Traffic
wind_speed_ms,0.0008421362015645966,-0.0027426487031027235,Atmospheric Dispersion
pbl_height_m_lag_3h,0.000822185642261617,0.04830278462877171,Atmospheric Dispersion
temp_c_lag_3h,0.0008170334109983853,0.03210501558223022,Weather
construction_dispersion_ratio,0.0008076690069328644,0.0007682518333377075,Activity / Industrial
pbl_height_m_rolling_mean_6h,0.0007614955307911387,0.0006401504850577667,Atmospheric Dispersion
traffic_stagnation_ratio,0.0007548545373567413,0.01121575244058306,Atmospheric Dispersion
temp_c_lag_1h,0.0007483122740452651,0.026799033933440165,Weather
wind_speed_ms_lag_3h,0.0007375131015543089,0.009869218131980518,Atmospheric Dispersion
hour_utc,0.0006812968025156134,0.015008935510445376,Temporal
pm25_completeness_flag_MISSING,0.0006457393929792961,0.005151961051998199,Other
poi_total_count_1_5km,0.0005975163833197474,0.0,Activity / Industrial
construction_elements_1_5km,0.0005964548099980183,0.005836634188430345,Activity / Industrial
poi_commercial_count,0.0005585042594070507,0.0,Activity / Industrial
month_cos,0.0005488717256225188,0.00205523233583822,Temporal
traffic_proxy_index,0.0004887560923728736,-0.0008006208808538417,Traffic
poi_transit_count,0.00048354876739184266,0.0,Activity / Industrial
poi_density_per_km2,0.00045398758307063283,0.0,Activity / Industrial
wind_speed_ms_lag_1h,0.00041915330456153665,0.002214822714234721,Atmospheric Dispersion
weather_elevation_m,0.0004100881868852876,0.003337133544682125,Spatial
precip_rolling_sum_6h,0.0004087651118956595,0.008945506433807714,Weather
day_of_week,0.0003685634307879506,0.004399151272005142,Temporal
day_of_week_sin,0.000291444505982885,0.003515417207563587,Temporal
pm25_completeness_flag_COMPLETE,0.00027587273885387655,0.0,Other
poi_institutional_count,0.0002717570778164292,0.0,Activity / Industrial
pm25_completeness_flag_PARTIAL,0.00026190691848804306,-0.0004119765579440937,Other
cloud_cover_pct,0.0002514618129997923,0.003005317168915411,Weather
month,0.00024245566250971195,0.0,Other
weather_grid_longitude,0.00023900167971785882,-0.0008591835684560678,Spatial
major_road_length_km,0.0002367549889451099,0.00016951203442268082,Traffic
precip_mm,0.00023662588277748047,0.0014305436879926247,Weather
dist_nearest_construction_m,0.00023022551524648775,0.0003595176480253315,Activity / Industrial
landuse_elements_total,0.0002068858877075262,-0.001464340309319745,Activity / Industrial
distance_to_nearest_major_road_m,0.00019973821726196464,0.011192914588318104,Traffic
rain_mm,0.0001835562834165328,0.0,Weather
landuse_residential_count,0.00017791831709271867,0.0,Activity / Industrial
landuse_commercial_count,0.00017181386147726595,0.0,Activity / Industrial
latitude,0.00016836208367229237,0.00021366984567112725,Spatial
longitude,0.00015886666362561195,0.006104230266909916,Spatial
landuse_industrial_count,0.0001394372263754641,0.0,Activity / Industrial
industrial_elements_2km,0.0001357921495002101,0.022905040070087247,Activity / Industrial
weather_grid_latitude,0.0001313687270503933,0.0,Spatial
zone_type_Northern Heavy Industrial / Highway Hub (PCMC),0.00011754307440642493,0.0,Spatial
dist_nearest_industrial_m,0.00011688470500993887,0.0,Activity / Industrial
landuse_green_count,0.00011482237910682337,0.0,Activity / Industrial
day_of_week_cos,0.00011375554865668875,-0.00010612718269182863,Temporal
dominant_landuse_commercial,0.00011172995539853246,0.0,Activity / Industrial
zone_type_Eastern Commercial / Mixed Suburban Corridor,8.843978405346699e-05,0.0,Spatial
total_road_length_km,8.703721968158873e-05,-0.0003850163596208489,Traffic
local_road_length_km,8.205705265311597e-05,0.0,Traffic
dominant_landuse_grass,8.167463425016059e-05,0.0,Activity / Industrial
is_precipitating,7.176905889050465e-05,0.0,Weather
total_road_density_km_per_km2,7.086898114478406e-05,0.0,Traffic
pm25_completeness_flag_INSUFFICIENT,6.017803032756037e-05,-0.0004178599947081807,Other
major_road_density_km_per_km2,5.976182033959729e-05,0.0,Traffic
dominant_landuse_park,5.9656872744004404e-05,0.0,Activity / Industrial
year,5.482220218560015e-05,0.0,Temporal
station_id_60658,5.098610975378013e-05,0.0,Spatial
is_monsoon,4.9745638226822146e-05,0.0,Temporal
zone_type_Commercial / Educational Urban Core,4.8109213644563e-05,0.0,Spatial
has_construction_within_1km,4.669697041640934e-05,0.0,Activity / Industrial
station_id_11613,3.584766476458704e-05,0.0,Spatial
is_weekend,3.47587607104151e-05,0.0,Temporal
atmospheric_stagnation_flag,2.2437788734464265e-05,0.0,Atmospheric Dispersion
station_id_3409331,1.58759509101492e-05,0.0,Spatial
dominant_landuse_residential,1.4949872358106086e-05,0.0,Activity / Industrial
station_id_11609,1.3842533620643167e-05,0.0,Spatial
has_industrial_within_1km,1.2575669369655635e-05,0.0,Activity / Industrial
zone_type_North-Eastern Residential / Airport Corridor,1.243118988203841e-05,0.0,Spatial
zone_type_Southern Highway Chokepoint / Ghat Gateway,1.0660628417451402e-05,0.0,Spatial
station_id_3409526,4.529630486536161e-06,0.0,Spatial
station_id_3409438,3.979324019499456e-06,0.0,Spatial
zone_type_Western Institutional / Foothill Background,3.714398211986525e-06,0.0,Spatial
